1/16.png,1f/5f.png,1
1/17.png,1f/5f.png,1
1/18.png,1f/5f.png,1
1/19.png,1f/5f.png,1
1/20.png,1f/5f.png,1
1/21.png,1f/5f.png,1
1/22.png,1f/5f.png,1
1/23.png,1f/5f.png,1
1/24.png,1f/5f.png,1
1/16.png,1f/6f.png,1
1/17.png,1f/6f.png,1
1/18.png,1f/6f.png,1
1/19.png,1f/6f.png,1
1/20.png,1f/6f.png,1
1/21.png,1f/6f.png,1
1/22.png,1f/6f.png,1
1/23.png,1f/6f.png,1
1/24.png,1f/6f.png,1
1/16.png,1f/7f.png,1
1/17.png,1f/7f.png,1
1/18.png,1f/7f.png,1
1/19.png,1f/7f.png,1
1/20.png,1f/7f.png,1
1/21.png,1f/7f.png,1
1/22.png,1f/7f.png,1
1/23.png,1f/7f.png,1
1/24.png,1f/7f.png,1
1/16.png,1/16.png,0
1/16.png,1/17.png,0
1/16.png,1/18.png,0
1/16.png,1/19.png,0
1/16.png,1/20.png,0
1/16.png,1/21.png,0
1/16.png,1/22.png,0
1/16.png,1/23.png,0
1/16.png,1/24.png,0
1/17.png,1/16.png,0
1/17.png,1/17.png,0
1/17.png,1/18.png,0
1/17.png,1/19.png,0
1/17.png,1/20.png,0
1/17.png,1/21.png,0
1/17.png,1/22.png,0
1/17.png,1/23.png,0
1/17.png,1/24.png,0
1/18.png,1/16.png,0
1/18.png,1/17.png,0
1/18.png,1/18.png,0
1/18.png,1/19.png,0
1/18.png,1/20.png,0
1/18.png,1/21.png,0
1/18.png,1/22.png,0
1/18.png,1/23.png,0
1/18.png,1/24.png,0
1/19.png,1/16.png,0
1/19.png,1/17.png,0
1/19.png,1/18.png,0
1/19.png,1/19.png,0
1/19.png,1/20.png,0
1/19.png,1/21.png,0
1/19.png,1/22.png,0
1/19.png,1/23.png,0
1/19.png,1/24.png,0
1/20.png,1/16.png,0
1/20.png,1/17.png,0
1/20.png,1/18.png,0
1/20.png,1/19.png,0
1/20.png,1/20.png,0
1/20.png,1/21.png,0
1/20.png,1/22.png,0
1/20.png,1/23.png,0
1/20.png,1/24.png,0
1/21.png,1/16.png,0
1/21.png,1/17.png,0
1/21.png,1/18.png,0
1/21.png,1/19.png,0
1/21.png,1/20.png,0
1/21.png,1/21.png,0
1/21.png,1/22.png,0
1/21.png,1/23.png,0
1/21.png,1/24.png,0
1/22.png,1/16.png,0
1/22.png,1/17.png,0
1/22.png,1/18.png,0
1/22.png,1/19.png,0
1/22.png,1/20.png,0
1/22.png,1/21.png,0
1/22.png,1/22.png,0
1/22.png,1/23.png,0
1/22.png,1/24.png,0
1/23.png,1/16.png,0
1/23.png,1/17.png,0
1/23.png,1/18.png,0
1/23.png,1/19.png,0
1/23.png,1/20.png,0
1/23.png,1/21.png,0
1/23.png,1/22.png,0
1/23.png,1/23.png,0
1/23.png,1/24.png,0
1/24.png,1/16.png,0
1/24.png,1/17.png,0
1/24.png,1/18.png,0
1/24.png,1/19.png,0
1/24.png,1/20.png,0
1/24.png,1/21.png,0
1/24.png,1/22.png,0
1/24.png,1/23.png,0
1/24.png,1/24.png,0
1/25.png,1/25.png,0
1/25.png,1/26.png,0
1/25.png,1/27.png,0
1/25.png,1/28.png,0
1/25.png,1/29.png,0
1/25.png,1/30.png,0
1/25.png,1/31.png,0
1/25.png,1/32.png,0
1/25.png,1/33.png,0
1/26.png,1/25.png,0
1/26.png,1/26.png,0
1/26.png,1/27.png,0
1/26.png,1/28.png,0
1/26.png,1/29.png,0
1/26.png,1/30.png,0
1/26.png,1/31.png,0
1/26.png,1/32.png,0
1/26.png,1/33.png,0
1/27.png,1/25.png,0
1/27.png,1/26.png,0
1/27.png,1/27.png,0
1/27.png,1/28.png,0
1/27.png,1/29.png,0
1/27.png,1/30.png,0
1/27.png,1/31.png,0
1/27.png,1/32.png,0
1/27.png,1/33.png,0
1/28.png,1/25.png,0
1/28.png,1/26.png,0
1/28.png,1/27.png,0
1/28.png,1/28.png,0
1/28.png,1/29.png,0
1/28.png,1/30.png,0
1/28.png,1/31.png,0
1/28.png,1/32.png,0
1/28.png,1/33.png,0
1/29.png,1/25.png,0
1/29.png,1/26.png,0
1/29.png,1/27.png,0
1/29.png,1/28.png,0
1/29.png,1/29.png,0
1/29.png,1/30.png,0
1/29.png,1/31.png,0
1/29.png,1/32.png,0
1/29.png,1/33.png,0
1/30.png,1/25.png,0
1/30.png,1/26.png,0
1/30.png,1/27.png,0
1/30.png,1/28.png,0
1/30.png,1/29.png,0
1/30.png,1/30.png,0
1/30.png,1/31.png,0
1/30.png,1/32.png,0
1/30.png,1/33.png,0
1/31.png,1/25.png,0
1/31.png,1/26.png,0
1/31.png,1/27.png,0
1/31.png,1/28.png,0
1/31.png,1/29.png,0
1/31.png,1/30.png,0
1/31.png,1/31.png,0
1/31.png,1/32.png,0
1/31.png,1/33.png,0
1/32.png,1/25.png,0
1/32.png,1/26.png,0
1/32.png,1/27.png,0
1/32.png,1/28.png,0
1/32.png,1/29.png,0
1/32.png,1/30.png,0
1/32.png,1/31.png,0
1/32.png,1/32.png,0
1/32.png,1/33.png,0
1/33.png,1/25.png,0
1/33.png,1/26.png,0
1/33.png,1/27.png,0
1/33.png,1/28.png,0
1/33.png,1/29.png,0
1/33.png,1/30.png,0
1/33.png,1/31.png,0
1/33.png,1/32.png,0
1/33.png,1/33.png,0
1/34.png,1/34.png,0
1/34.png,1/35.png,0
1/34.png,1/36.png,0
1/34.png,1/37.png,0
1/34.png,1/38.png,0
1/34.png,1/39.png,0
1/34.png,1/40.png,0
1/35.png,1/34.png,0
1/35.png,1/35.png,0
1/35.png,1/36.png,0
1/35.png,1/37.png,0
1/35.png,1/38.png,0
1/35.png,1/39.png,0
1/35.png,1/40.png,0
1/36.png,1/34.png,0
1/36.png,1/35.png,0
1/36.png,1/36.png,0
1/36.png,1/37.png,0
1/36.png,1/38.png,0
1/36.png,1/39.png,0
1/36.png,1/40.png,0
1/37.png,1/34.png,0
1/37.png,1/35.png,0
1/37.png,1/36.png,0
1/37.png,1/37.png,0
1/37.png,1/38.png,0
1/37.png,1/39.png,0
1/37.png,1/40.png,0
1/38.png,1/34.png,0
1/38.png,1/35.png,0
1/38.png,1/36.png,0
1/38.png,1/37.png,0
1/38.png,1/38.png,0
1/38.png,1/39.png,0
1/38.png,1/40.png,0
1/39.png,1/34.png,0
1/39.png,1/35.png,0
1/39.png,1/36.png,0
1/39.png,1/37.png,0
1/39.png,1/38.png,0
1/39.png,1/39.png,0
1/39.png,1/40.png,0
1/40.png,1/34.png,0
1/40.png,1/35.png,0
1/40.png,1/36.png,0
1/40.png,1/37.png,0
1/40.png,1/38.png,0
1/40.png,1/39.png,0
1/40.png,1/40.png,0
