1/25.png,1f/8f.png,1
1/26.png,1f/8f.png,1
1/27.png,1f/8f.png,1
1/28.png,1f/8f.png,1
1/29.png,1f/8f.png,1
1/30.png,1f/8f.png,1
1/31.png,1f/8f.png,1
1/32.png,1f/8f.png,1
1/33.png,1f/8f.png,1
1/25.png,1f/9f.png,1
1/26.png,1f/9f.png,1
1/27.png,1f/9f.png,1
1/28.png,1f/9f.png,1
1/29.png,1f/9f.png,1
1/30.png,1f/9f.png,1
1/31.png,1f/9f.png,1
1/32.png,1f/9f.png,1
1/33.png,1f/9f.png,1
1/25.png,1f/10f.png,1
1/26.png,1f/10f.png,1
1/27.png,1f/10f.png,1
1/28.png,1f/10f.png,1
1/29.png,1f/10f.png,1
1/30.png,1f/10f.png,1
1/31.png,1f/10f.png,1
1/32.png,1f/10f.png,1
1/33.png,1f/10f.png,1
1/25.png,1/25.png,0
1/25.png,1/26.png,0
1/25.png,1/27.png,0
1/25.png,1/28.png,0
1/25.png,1/29.png,0
1/25.png,1/30.png,0
1/25.png,1/31.png,0
1/25.png,1/32.png,0
1/25.png,1/33.png,0
1/26.png,1/25.png,0
1/26.png,1/26.png,0
1/26.png,1/27.png,0
1/26.png,1/28.png,0
1/26.png,1/29.png,0
1/26.png,1/30.png,0
1/26.png,1/31.png,0
1/26.png,1/32.png,0
1/26.png,1/33.png,0
1/27.png,1/25.png,0
1/27.png,1/26.png,0
1/27.png,1/27.png,0
1/27.png,1/28.png,0
1/27.png,1/29.png,0
1/27.png,1/30.png,0
1/27.png,1/31.png,0
1/27.png,1/32.png,0
1/27.png,1/33.png,0
1/28.png,1/25.png,0
1/28.png,1/26.png,0
1/28.png,1/27.png,0
1/28.png,1/28.png,0
1/28.png,1/29.png,0
1/28.png,1/30.png,0
1/28.png,1/31.png,0
1/28.png,1/32.png,0
1/28.png,1/33.png,0
1/29.png,1/25.png,0
1/29.png,1/26.png,0
1/29.png,1/27.png,0
1/29.png,1/28.png,0
1/29.png,1/29.png,0
1/29.png,1/30.png,0
1/29.png,1/31.png,0
1/29.png,1/32.png,0
1/29.png,1/33.png,0
1/30.png,1/25.png,0
1/30.png,1/26.png,0
1/30.png,1/27.png,0
1/30.png,1/28.png,0
1/30.png,1/29.png,0
1/30.png,1/30.png,0
1/30.png,1/31.png,0
1/30.png,1/32.png,0
1/30.png,1/33.png,0
1/31.png,1/25.png,0
1/31.png,1/26.png,0
1/31.png,1/27.png,0
1/31.png,1/28.png,0
1/31.png,1/29.png,0
1/31.png,1/30.png,0
1/31.png,1/31.png,0
1/31.png,1/32.png,0
1/31.png,1/33.png,0
1/32.png,1/25.png,0
1/32.png,1/26.png,0
1/32.png,1/27.png,0
1/32.png,1/28.png,0
1/32.png,1/29.png,0
1/32.png,1/30.png,0
1/32.png,1/31.png,0
1/32.png,1/32.png,0
1/32.png,1/33.png,0
1/33.png,1/25.png,0
1/33.png,1/26.png,0
1/33.png,1/27.png,0
1/33.png,1/28.png,0
1/33.png,1/29.png,0
1/33.png,1/30.png,0
1/33.png,1/31.png,0
1/33.png,1/32.png,0
1/33.png,1/33.png,0
