1/95.png,1f/40f.png,1
1/96.png,1f/40f.png,1
1/97.png,1f/40f.png,1
1/98.png,1f/40f.png,1
1/99.png,1f/40f.png,1
1/100.png,1f/40f.png,1
1/95.png,1f/41f.png,1
1/96.png,1f/41f.png,1
1/97.png,1f/41f.png,1
1/98.png,1f/41f.png,1
1/99.png,1f/41f.png,1
1/100.png,1f/41f.png,1
1/95.png,1f/42f.png,1
1/96.png,1f/42f.png,1
1/97.png,1f/42f.png,1
1/98.png,1f/42f.png,1
1/99.png,1f/42f.png,1
1/100.png,1f/42f.png,1
1/95.png,1/95.png,0
1/95.png,1/96.png,0
1/95.png,1/97.png,0
1/95.png,1/98.png,0
1/95.png,1/99.png,0
1/95.png,1/100.png,0
1/96.png,1/95.png,0
1/96.png,1/96.png,0
1/96.png,1/97.png,0
1/96.png,1/98.png,0
1/96.png,1/99.png,0
1/96.png,1/100.png,0
1/97.png,1/95.png,0
1/97.png,1/96.png,0
1/97.png,1/97.png,0
1/97.png,1/98.png,0
1/97.png,1/99.png,0
1/97.png,1/100.png,0
1/98.png,1/95.png,0
1/98.png,1/96.png,0
1/98.png,1/97.png,0
1/98.png,1/98.png,0
1/98.png,1/99.png,0
1/98.png,1/100.png,0
1/99.png,1/95.png,0
1/99.png,1/96.png,0
1/99.png,1/97.png,0
1/99.png,1/98.png,0
1/99.png,1/99.png,0
1/99.png,1/100.png,0
1/100.png,1/95.png,0
1/100.png,1/96.png,0
1/100.png,1/97.png,0
1/100.png,1/98.png,0
1/100.png,1/99.png,0
1/100.png,1/100.png,0
